HOME;Date;Time;Comp;Round;Day;Venue;Result;GF;GA;Opponent;Poss;Attendance;Captain;Formation;Referee;Match Report;Notes;;;;;;;;;;;;;;;;;;;;;;
Twente;2023-09-06 00:00:00;19:00 (20:00);Champions Lg;First qualifying round — Semi-finals;Wed;Neutral;W;6;0;at Sturm Graz;;523;Renate Jansen;1-4-3-3;Olga Blotskaya;Match Report;;;;;;;;;;;;;;;;;;;;;;;
Twente;2023-09-09 00:00:00;19:30 (20:30);Champions Lg;First qualifying round — Final;Sat;Neutral;W;3;2;es Levante;;720;Renate Jansen;1-4-3-3;Minka Vekkeli;Match Report;;;;;;;;;;;;;;;;;;;;;;;
Twente;2023-09-16 00:00:00;14:00 (15:00);Eredivisie;Matchweek 2;Sat;Away;W;7;0;Telstar 1963;;392;Renate Jansen;1-4-3-3;G H A Stevens;Match Report;;;;;;;;;;;;;;;;;;;;;;;
Twente;2023-10-01 00:00:00;12:15 (13:15);Eredivisie;Matchweek 3;Sun;Home;W;3;1;Feyenoord Vrouwen;;700;Renate Jansen;1-4-3-3;Teun van Pelt;Match Report;;;;;;;;;;;;;;;;;;;;;;;
Twente;2023-10-06 00:00:00;19:30 (20:30);Eredivisie;Matchweek 4;Fri;Away;W;2;0;Excelsior;;400;Renate Jansen;1-4-3-1-2;Martijn Kieft;Match Report;;;;;;;;;;;;;;;;;;;;;;;
Twente;2023-10-11 00:00:00;18:30 (19:30);Champions Lg;Second qualifying round;Wed;Away;D;2;2;se BK Häcken;33;1,356;Renate Jansen;1-4-3-3;Eszter Urbán;Match Report;Leg 1 of 2;;;;;;;;;;;;;;;;;;;;;;
Twente;2023-10-18 00:00:00;19:00 (20:00);Champions Lg;Second qualifying round;Wed;Home;L;1;2;se BK Häcken;;8,607;Renate Jansen;1-4-3-3;Eleni Antoniou;Match Report;"Leg 2 of 2; BK Häcken won";;;;;;;;;;;;;;;;;;;;;;
Twente;2023-10-21 00:00:00;14:00 (15:00);Eredivisie;Matchweek 6;Sat;Away;W;3;2;ADO Den Haag;;620;Renate Jansen;1-4-3-3;Lizzy van der Helm;Match Report;;;;;;;;;;;;;;;;;;;;;;;
Twente;2023-11-05 00:00:00;12:15 (13:15);Eredivisie;Matchweek 7;Sun;Home;W;3;1;Fortuna Sittard;;232;Leonie Doege;1-4-3-3;Julia Van Es;Match Report;;;;;;;;;;;;;;;;;;;;;;;
Twente;2023-11-10 00:00:00;19:30 (20:30);Eredivisie;Matchweek 8;Fri;Away;W;2;1;PSV;;750;Renate Jansen;1-4-2-3-1;Marisca Overtoom;Match Report;;;;;;;;;;;;;;;;;;;;;;;
Twente;2023-11-19 00:00:00;12:15 (13:15);Eredivisie;Matchweek 9;Sun;Away;W;1;0;Ajax;;500;Renate Jansen;1-4-3-3;Wendy Gijsbers;Match Report;;;;;;;;;;;;;;;;;;;;;;;
Twente;2023-11-24 00:00:00;19:30 (20:30);Eredivisie;Matchweek 10;Fri;Home;W;4;0;FC Utrecht;;225;Renate Jansen;1-4-3-3;Vivian Peeters;Match Report;;;;;;;;;;;;;;;;;;;;;;;
Twente;2023-12-10 00:00:00;16:45 (17:45);Eredivisie;Matchweek 11;Sun;Home;W;2;1;VV Alkmaar;;312;Renate Jansen;1-4-2-3-1;Jarno Schoonhoven;Match Report;;;;;;;;;;;;;;;;;;;;;;;
Twente;2023-12-13 00:00:00;18:45 (19:45);Eredivisie;Matchweek 5;Wed;Home;W;2;1;Zwolle;;350;Renate Jansen;1-4-4-2;Niels Mulder;Match Report;;;;;;;;;;;;;;;;;;;;;;;
Twente;2023-12-17 00:00:00;16:45 (17:45);Eredivisie;Matchweek 1;Sun;Home;W;3;2;Heerenveen;;310;Renate Jansen;1-4-3-3;Wendy Gijsbers;Match Report;;;;;;;;;;;;;;;;;;;;;;;
Twente;2024-01-27 00:00:00;16:30 (17:30);Eredivisie;Matchweek 13;Sat;Away;W;3;0;Feyenoord Vrouwen;;350;Renate Jansen;1-4-3-3;Richard Groenewegen;Match Report;;;;;;;;;;;;;;;;;;;;;;;
Twente;2024-01-31 00:00:00;19:30 (20:30);Eredivisie;Matchweek 12;Wed;Away;W;2;0;Heerenveen;;275;Renate Jansen;1-4-3-3;Steve Oosterkamp;Match Report;;;;;;;;;;;;;;;;;;;;;;;
Twente;2024-02-04 00:00:00;12:15 (13:15);Eredivisie;Matchweek 14;Sun;Home;W;5;2;Excelsior;;484;Renate Jansen;1-4-3-3;Fijke Hoogendijk;Match Report;;;;;;;;;;;;;;;;;;;;;;;
Twente;2024-02-10 00:00:00;16:30 (17:30);Eredivisie;Matchweek 15;Sat;Away;W;4;0;Zwolle;;100;Renate Jansen;1-4-3-3;Wendy Gijsbers;Match Report;;;;;;;;;;;;;;;;;;;;;;;
Twente;2024-03-03 00:00:00;12:15 (13:15);Eredivisie;Matchweek 16;Sun;Home;L;0;3;Ajax;;7;Renate Jansen;1-4-3-3;Lizzy van der Helm;Match Report;;;;;;;;;;;;;;;;;;;;;;;
Twente;2024-03-10 00:00:00;16:45 (17:45);Eredivisie;Matchweek 17;Sun;Home;W;3;1;PSV;;480;Renate Jansen;1-4-3-3;Nicholas Henon;Match Report;;;;;;;;;;;;;;;;;;;;;;;
Twente;2024-03-23 00:00:00;16:30 (17:30);Eredivisie;Matchweek 18;Sat;Away;D;2;2;VV Alkmaar;;4,039;Renate Jansen;1-4-3-3;Martijn Pijnenburg;Match Report;;;;;;;;;;;;;;;;;;;;;;;
Twente;2024-03-30 00:00:00;14:00 (15:00);Eredivisie;Matchweek 19;Sat;Home;W;1;0;ADO Den Haag;;596;Renate Jansen;1-4-3-3;Sterre Bijlsma;Match Report;;;;;;;;;;;;;;;;;;;;;;;
Twente;2024-04-21 00:00:00;12:15 (13:15);Eredivisie;Matchweek 20;Sun;Away;D;2;2;FC Utrecht;;1,074;Renate Jansen;1-4-3-3;Wendy Gijsbers;Match Report;;;;;;;;;;;;;;;;;;;;;;;
Twente;2024-05-01 00:00:00;18:45 (19:45);Eredivisie;Matchweek 21;Wed;Away;L;0;2;Fortuna Sittard;;2;Renate Jansen;1-4-3-3;Aron Ulijn;Match Report;;;;;;;;;;;;;;;;;;;;;;;
Twente;2024-05-11 00:00:00;16:30 (17:30);Eredivisie;Matchweek 22;Sat;Home;W;2;0;Telstar 1963;;4,5;Renate Jansen;1-4-3-3;Nicholas Henon;Match Report;;;;;;;;;;;;;;;;;;;;;;;
Ajax;2023-09-15 00:00:00;19:30 (20:30);Eredivisie;Matchweek 2;Fri;Away;W;3;1;Excelsior;;500;Regina van Eijk;1-4-3-3;Peter van Dijk;Match Report;;;;;;;;;;;;;;;;;;;;;;;
Ajax;2023-10-01 00:00:00;16:45 (17:45);Eredivisie;Matchweek 3;Sun;Home;D;0;0;Telstar 1963;;700;Sherida Spitse;1-4-3-3;Sander Huijs;Match Report;;;;;;;;;;;;;;;;;;;;;;;
Ajax;2023-10-07 00:00:00;14:00 (15:00);Eredivisie;Matchweek 4;Sat;Away;W;1;0;Feyenoord Vrouwen;;2,1;Sherida Spitse;1-4-3-3;Lizzy van der Helm;Match Report;;;;;;;;;;;;;;;;;;;;;;;
Ajax;2023-10-11 00:00:00;20:00 (21:00);Champions Lg;Second qualifying round;Wed;Away;W;6;0;ch Zürich;;3,507;Sherida Spitse;1-4-3-3;Maria Marotta;Match Report;Leg 1 of 2;;;;;;;;;;;;;;;;;;;;;;
Ajax;2023-10-18 00:00:00;19:00 (20:00);Champions Lg;Second qualifying round;Wed;Home;W;2;0;ch Zürich;;1,405;Sherida Spitse;1-4-3-3;Cheryl Foster;Match Report;"Leg 2 of 2; Ajax won";;;;;;;;;;;;;;;;;;;;;;
Ajax;2023-10-22 00:00:00;12:15 (13:15);Eredivisie;Matchweek 6;Sun;Away;W;4;0;Fortuna Sittard;;1,3;Sherida Spitse;1-4-3-3;Jana Van Laere;Match Report;;;;;;;;;;;;;;;;;;;;;;;
Ajax;2023-11-05 00:00:00;12:15 (13:15);Eredivisie;Matchweek 7;Sun;Home;W;5;2;FC Utrecht;;1,1;Sherida Spitse;1-4-3-3;Lizzy van der Helm;Match Report;;;;;;;;;;;;;;;;;;;;;;;
Ajax;2023-11-10 00:00:00;19:30 (20:30);Eredivisie;Matchweek 8;Fri;Away;W;3;1;Zwolle;;700;Sherida Spitse;1-4-3-3;Tommy Postma;Match Report;;;;;;;;;;;;;;;;;;;;;;;
Ajax;2023-11-15 00:00:00;21:00 (22:00);Champions Lg;Group stage;Wed;Home;W;2;0;fr Paris S-G;44;13,106;Sherida Spitse;1-4-3-3;Tess Olofsson;Match Report;;;;;;;;;;;;;;;;;;;;;;;
Ajax;2023-11-19 00:00:00;12:15 (13:15);Eredivisie;Matchweek 9;Sun;Home;L;0;1;Twente;;500;Sherida Spitse;1-4-3-3;Wendy Gijsbers;Match Report;;;;;;;;;;;;;;;;;;;;;;;
Ajax;2023-11-23 00:00:00;21:00 (22:00);Champions Lg;Group stage;Thu;Away;L;0;3;it AS Roma;59;2,583;Sherida Spitse;1-4-2-3-1;Ewa Augustyn;Match Report;;;;;;;;;;;;;;;;;;;;;;;
Ajax;2023-11-26 00:00:00;12:15 (13:15);Eredivisie;Matchweek 10;Sun;Away;W;2;1;VV Alkmaar;;300;Sherida Spitse;1-4-3-3;Manon Plandsoen;Match Report;;;;;;;;;;;;;;;;;;;;;;;
Ajax;2023-12-09 00:00:00;14:00 (15:00);Eredivisie;Matchweek 11;Sat;Away;D;3;3;PSV;;650;Sherida Spitse;1-4-3-3;Vivian Peeters;Match Report;;;;;;;;;;;;;;;;;;;;;;;
Ajax;2023-12-14 00:00:00;18:45 (19:45);Champions Lg;Group stage;Thu;Away;D;1;1;de Bayern Munich;51;2,5;Sherida Spitse;1-4-3-3;Kateryna Monzul;Match Report;;;;;;;;;;;;;;;;;;;;;;;
Ajax;2023-12-17 00:00:00;12:15 (13:15);Eredivisie;Matchweek 1;Sun;Home;W;3;0;ADO Den Haag;;375;Sherida Spitse;1-4-3-3;Dennis Smit;Match Report;;;;;;;;;;;;;;;;;;;;;;;
Ajax;2023-12-20 00:00:00;18:45 (19:45);Champions Lg;Group stage;Wed;Home;W;1;0;de Bayern Munich;42;20,413;Sherida Spitse;1-4-3-3;Cheryl Foster;Match Report;;;;;;;;;;;;;;;;;;;;;;;
Ajax;2024-01-20 00:00:00;16:30 (17:30);Eredivisie;Matchweek 12;Sat;Home;W;6;1;Excelsior;;250;Sherida Spitse;1-4-3-3;Lizzy van der Helm;Match Report;;;;;;;;;;;;;;;;;;;;;;;
Ajax;2024-01-24 00:00:00;21:00 (22:00);Champions Lg;Group stage;Wed;Away;L;1;3;fr Paris S-G;54;6,888;Sherida Spitse;1-4-3-3;Rebecca Welch;Match Report;;;;;;;;;;;;;;;;;;;;;;;
Ajax;2024-01-27 00:00:00;16:30 (17:30);Eredivisie;Matchweek 13;Sat;Home;D;1;1;Fortuna Sittard;;400;Sherida Spitse;1-4-3-3;Niels Mulder;Match Report;;;;;;;;;;;;;;;;;;;;;;;
Ajax;2024-01-30 00:00:00;21:00 (22:00);Champions Lg;Group stage;Tue;Home;W;2;1;it AS Roma;58;15,5;Sherida Spitse;1-4-2-3-1;Marta Huerta;Match Report;;;;;;;;;;;;;;;;;;;;;;;
Ajax;2024-02-03 00:00:00;16:30 (17:30);Eredivisie;Matchweek 14;Sat;Away;W;5;2;Telstar 1963;;600;Sherida Spitse;1-4-3-3;Stefan van Westing;Match Report;;;;;;;;;;;;;;;;;;;;;;;
Ajax;2024-02-10 00:00:00;14:00 (15:00);Eredivisie;Matchweek 15;Sat;Home;W;4;0;Feyenoord Vrouwen;;15;Sherida Spitse;1-4-3-3;Marisca Overtoom;Match Report;;;;;;;;;;;;;;;;;;;;;;;
Ajax;2024-02-14 00:00:00;19:30 (20:30);Eredivisie;Matchweek 5;Wed;Home;W;5;1;Heerenveen;;250;Sherida Spitse;1-4-3-3;Daan Schaper;Match Report;;;;;;;;;;;;;;;;;;;;;;;
Ajax;2024-03-03 00:00:00;12:15 (13:15);Eredivisie;Matchweek 16;Sun;Away;W;3;0;Twente;;7;Sherida Spitse;1-4-3-3;Lizzy van der Helm;Match Report;;;;;;;;;;;;;;;;;;;;;;;
Ajax;2024-03-10 00:00:00;12:15 (13:15);Eredivisie;Matchweek 17;Sun;Away;W;2;0;FC Utrecht;;10,455;Sherida Spitse;1-4-3-3;Jessey van Pinxteren;Match Report;;;;;;;;;;;;;;;;;;;;;;;
Ajax;2024-03-19 00:00:00;18:45 (19:45);Champions Lg;Quarter-finals;Tue;Home;L;0;3;eng Chelsea;47;35,997;Nadine Noordam;1-4-3-3;Maria Sole Ferrieri Caputi;Match Report;Leg 1 of 2;;;;;;;;;;;;;;;;;;;;;;
Ajax;2024-03-23 00:00:00;14:00 (15:00);Eredivisie;Matchweek 18;Sat;Home;W;3;2;Zwolle;;350;Sherida Spitse;1-4-3-3;Teun van der Velden;Match Report;;;;;;;;;;;;;;;;;;;;;;;
Ajax;2024-03-27 00:00:00;20:00 (22:00);Champions Lg;Quarter-finals;Wed;Away;D;1;1;eng Chelsea;52;11,82;Sherida Spitse;1-4-3-3;Tess Olofsson;Match Report;"Leg 2 of 2; Chelsea won";;;;;;;;;;;;;;;;;;;;;;
Ajax;2024-03-31 00:00:00;14:30 (15:30);Eredivisie;Matchweek 19;Sun;Away;L;1;2;Heerenveen;;1,285;Sherida Spitse;1-4-3-3;Marisca Overtoom;Match Report;;;;;;;;;;;;;;;;;;;;;;;
Ajax;2024-04-25 00:00:00;19:30 (20:30);Eredivisie;Matchweek 20;Thu;Home;W;3;0;VV Alkmaar;;343;Sherida Spitse;1-4-3-3;Caroline Lanssens;Match Report;;;;;;;;;;;;;;;;;;;;;;;
Ajax;2024-05-01 00:00:00;18:45 (19:45);Eredivisie;Matchweek 21;Wed;Home;W;2;1;PSV;;1,461;Sherida Spitse;1-4-3-3;Giovanni Verhoeve;Match Report;;;;;;;;;;;;;;;;;;;;;;;
Ajax;2024-05-11 00:00:00;16:30 (17:30);Eredivisie;Matchweek 22;Sat;Away;W;3;1;ADO Den Haag;;800;Sherida Spitse;1-4-3-3;Koen Molenaar;Match Report;;;;;;;;;;;;;;;;;;;;;;;
PSV;2023-09-15 00:00:00;19:30 (20:30);;Matchweek 2;Fri;Away;D;0;0;ADO Den Haag;;350;Gwyneth Hendriks;1-4-3-3;Jana Van Laere;Match Report;;;;;;;;;;;;;;;;;;;;;;;
PSV;2023-10-01 00:00:00;12:15 (13:15);;Matchweek 3;Sun;Home;W;5;1;VV Alkmaar;;650;Gwyneth Hendriks;1-4-3-3;Lizzy van der Helm;Match Report;;;;;;;;;;;;;;;;;;;;;;;
PSV;2023-10-06 00:00:00;19:30 (20:30);;Matchweek 4;Fri;Away;L;0;2;Zwolle;;376;Gwyneth Hendriks;1-4-4-2;Marisca Overtoom;Match Report;;;;;;;;;;;;;;;;;;;;;;;
PSV;2023-10-14 00:00:00;14:00 (15:00);;Matchweek 5;Sat;Away;L;0;1;Fortuna Sittard;;700;Gwyneth Hendriks;1-4-4-2;K Hoeveler;Match Report;;;;;;;;;;;;;;;;;;;;;;;
PSV;2023-10-20 00:00:00;19:30 (20:30);;Matchweek 6;Fri;Home;W;4;0;FC Utrecht;;500;Gwyneth Hendriks;1-4-3-3;Sterre Bijlsma;Match Report;;;;;;;;;;;;;;;;;;;;;;;
PSV;2023-11-05 00:00:00;14:30 (15:30);;Matchweek 7;Sun;Away;D;1;1;Excelsior;;800;Gwyneth Hendriks;1-4-3-3;Manon Plandsoen;Match Report;;;;;;;;;;;;;;;;;;;;;;;
PSV;2023-11-10 00:00:00;19:30 (20:30);;Matchweek 8;Fri;Home;L;1;2;Twente;;750;Gwyneth Hendriks;1-4-3-3;Marisca Overtoom;Match Report;;;;;;;;;;;;;;;;;;;;;;;
PSV;2023-11-17 00:00:00;19:30 (20:30);;Matchweek 9;Fri;Away;W;2;0;Feyenoord Vrouwen;;450;Gwyneth Hendriks;1-4-3-3;Sylvie Deckers;Match Report;;;;;;;;;;;;;;;;;;;;;;;
PSV;2023-11-25 00:00:00;14:00 (15:00);;Matchweek 10;Sat;Away;W;3;1;Heerenveen;;200;Gwyneth Hendriks;1-4-5-1;Sterre Bijlsma;Match Report;;;;;;;;;;;;;;;;;;;;;;;
PSV;2023-12-09 00:00:00;14:00 (15:00);;Matchweek 11;Sat;Home;D;3;3;Ajax;;650;Gwyneth Hendriks;1-4-3-3;Vivian Peeters;Match Report;;;;;;;;;;;;;;;;;;;;;;;
PSV;2024-01-21 00:00:00;14:30 (15:30);;Matchweek 12;Sun;Away;W;3;1;Telstar 1963;;400;Gwyneth Hendriks;1-4-3-3;Julia Van Es;Match Report;;;;;;;;;;;;;;;;;;;;;;;
PSV;2024-01-28 00:00:00;12:15 (13:15);;Matchweek 13;Sun;Home;W;3;1;ADO Den Haag;;550;Gwyneth Hendriks;1-4-3-3;Maarten Velde;Match Report;;;;;;;;;;;;;;;;;;;;;;;
PSV;2024-02-03 00:00:00;14:00 (15:00);;Matchweek 14;Sat;Home;W;3;1;Zwolle;;400;Gwyneth Hendriks;1-4-3-3;Youri Kuipers;Match Report;;;;;;;;;;;;;;;;;;;;;;;
PSV;2024-02-11 00:00:00;12:15 (13:15);;Matchweek 15;Sun;Away;W;2;0;FC Utrecht;;653;Gwyneth Hendriks;1-4-3-3;Lizzy van der Helm;Match Report;;;;;;;;;;;;;;;;;;;;;;;
PSV;2024-03-02 00:00:00;14:00 (15:00);;Matchweek 16;Sat;Home;W;3;0;Fortuna Sittard;;650;Gwyneth Hendriks;1-4-3-3;Marisca Overtoom;Match Report;;;;;;;;;;;;;;;;;;;;;;;
PSV;2024-03-10 00:00:00;16:45 (17:45);;Matchweek 17;Sun;Away;L;1;3;Twente;;480;Gwyneth Hendriks;1-4-3-3;Nicholas Henon;Match Report;;;;;;;;;;;;;;;;;;;;;;;
PSV;2024-03-24 00:00:00;14:30 (15:30);;Matchweek 18;Sun;Home;D;1;1;Feyenoord Vrouwen;;12;Gwyneth Hendriks;1-4-3-3;Julia Van Es;Match Report;;;;;;;;;;;;;;;;;;;;;;;
PSV;2024-03-31 00:00:00;12:15 (13:15);;Matchweek 19;Sun;Away;D;3;3;VV Alkmaar;;200;Gwyneth Hendriks;1-4-3-3;Kylian Walthuis;Match Report;;;;;;;;;;;;;;;;;;;;;;;
PSV;2024-04-20 00:00:00;16:30 (17:30);;Matchweek 20;Sat;Home;W;5;0;Heerenveen;;400;Gwyneth Hendriks;1-4-3-3;Maarten Streef;Match Report;;;;;;;;;;;;;;;;;;;;;;;
PSV;2024-05-01 00:00:00;18:45 (19:45);;Matchweek 21;Wed;Away;L;1;2;Ajax;;1,461;Gwyneth Hendriks;1-4-3-3;Giovanni Verhoeve;Match Report;;;;;;;;;;;;;;;;;;;;;;;
PSV;2024-05-11 00:00:00;16:30 (17:30);;Matchweek 22;Sat;Home;W;3;1;Excelsior;;800;Gwyneth Hendriks;1-4-3-3;Martijn Pijnenburg;Match Report;;;;;;;;;;;;;;;;;;;;;;;
Fortuna Sittard;2023-09-08 00:00:00;19:30 (20:30);Eredivisie;Matchweek 1;Fri;Home;W;3;1;Zwolle;;300;Tessa Wullaert;4-4-1-1;Stefan van Westing;Match Report;;;;;;;;;;;;;;;;;;;;;;;
Fortuna Sittard;2023-09-17 00:00:00;12:15 (13:15);Eredivisie;Matchweek 2;Sun;Away;W;3;1;Feyenoord Vrouwen;;600;Tessa Wullaert;1-3-4-3;Marisca Overtoom;Match Report;;;;;;;;;;;;;;;;;;;;;;;
Fortuna Sittard;2023-10-01 00:00:00;12:15 (13:15);Eredivisie;Matchweek 3;Sun;Home;W;5;0;Excelsior;;553;Anna Knol;1-4-1-4-1;Wendy Gijsbers;Match Report;;;;;;;;;;;;;;;;;;;;;;;
Fortuna Sittard;2023-10-14 00:00:00;14:00 (15:00);Eredivisie;Matchweek 5;Sat;Home;W;1;0;PSV;;700;Tessa Wullaert;1-4-3-3;K Hoeveler;Match Report;;;;;;;;;;;;;;;;;;;;;;;
Fortuna Sittard;2023-10-22 00:00:00;12:15 (13:15);Eredivisie;Matchweek 6;Sun;Home;L;0;4;Ajax;;1,3;Tessa Wullaert;1-5-3-2;Jana Van Laere;Match Report;;;;;;;;;;;;;;;;;;;;;;;
Fortuna Sittard;2023-11-05 00:00:00;12:15 (13:15);Eredivisie;Matchweek 7;Sun;Away;L;1;3;Twente;;232;Tessa Wullaert;1-3-5-2;Julia Van Es;Match Report;;;;;;;;;;;;;;;;;;;;;;;
Fortuna Sittard;2023-11-11 00:00:00;14:00 (15:00);Eredivisie;Matchweek 8;Sat;Away;D;1;1;ADO Den Haag;;600;Tessa Wullaert;1-5-3-2;Luuk Hendrix;Match Report;;;;;;;;;;;;;;;;;;;;;;;
Fortuna Sittard;2023-11-17 00:00:00;19:30 (20:30);Eredivisie;Matchweek 9;Fri;Home;W;4;0;Heerenveen;;400;Tessa Wullaert;1-4-2-3-1;Danny van Riet;Match Report;;;;;;;;;;;;;;;;;;;;;;;
Fortuna Sittard;2023-11-24 00:00:00;19:30 (20:30);Eredivisie;Matchweek 10;Fri;Home;W;7;1;Telstar 1963;;150;Tessa Wullaert;1-3-4-3;Nick Ooms;Match Report;;;;;;;;;;;;;;;;;;;;;;;
Fortuna Sittard;2023-12-10 00:00:00;12:15 (13:15);Eredivisie;Matchweek 11;Sun;Away;W;6;0;FC Utrecht;;500;Tessa Wullaert;1-4-3-3;Barry Huizinga;Match Report;;;;;;;;;;;;;;;;;;;;;;;
Fortuna Sittard;2023-12-15 00:00:00;19:30 (20:30);Eredivisie;Matchweek 4;Fri;Away;L;0;1;VV Alkmaar;;250;Tessa Wullaert;1-4-4-2;Steve Oosterkamp;Match Report;;;;;;;;;;;;;;;;;;;;;;;
Fortuna Sittard;2024-01-27 00:00:00;16:30 (17:30);Eredivisie;Matchweek 13;Sat;Away;D;1;1;Ajax;;400;Tessa Wullaert;1-1-4-3-1-2;Niels Mulder;Match Report;;;;;;;;;;;;;;;;;;;;;;;
Fortuna Sittard;2024-01-31 00:00:00;20:00 (21:00);Eredivisie;Matchweek 12;Wed;Home;W;2;1;Feyenoord Vrouwen;;400;Tessa Wullaert;1-4-4-2;Nick Ooms;Match Report;;;;;;;;;;;;;;;;;;;;;;;
Fortuna Sittard;2024-02-04 00:00:00;14:30 (15:30);Eredivisie;Matchweek 14;Sun;Home;L;0;4;ADO Den Haag;;300;Tessa Wullaert;1-4-4-2;Manuel Uijttewaal;Match Report;;;;;;;;;;;;;;;;;;;;;;;
Fortuna Sittard;2024-02-11 00:00:00;16:45 (17:45);Eredivisie;Matchweek 15;Sun;Away;D;0;0;Heerenveen;;140;Tessa Wullaert;1-4-4-2;Tommy Postma;Match Report;;;;;;;;;;;;;;;;;;;;;;;
Fortuna Sittard;2024-03-02 00:00:00;14:00 (15:00);Eredivisie;Matchweek 16;Sat;Away;L;0;3;PSV;;650;Tessa Wullaert;1-4-3-3;Marisca Overtoom;Match Report;;;;;;;;;;;;;;;;;;;;;;;
Fortuna Sittard;2024-03-09 00:00:00;16:30 (17:30);Eredivisie;Matchweek 17;Sat;Home;L;0;1;VV Alkmaar;;250;Tessa Wullaert;1-4-3-3;Wendy Gijsbers;Match Report;;;;;;;;;;;;;;;;;;;;;;;
Fortuna Sittard;2024-03-22 00:00:00;18:45 (19:45);Eredivisie;Matchweek 18;Fri;Away;W;8;0;Telstar 1963;;623;Tessa Wullaert;1-4-2-3-1;Andy Wolff;Match Report;;;;;;;;;;;;;;;;;;;;;;;
Fortuna Sittard;2024-03-30 00:00:00;16:30 (17:30);Eredivisie;Matchweek 19;Sat;Home;D;2;2;FC Utrecht;;350;Tessa Wullaert;1-4-2-3-1;Jan van Es;Match Report;;;;;;;;;;;;;;;;;;;;;;;
Fortuna Sittard;2024-04-21 00:00:00;12:15 (13:15);Eredivisie;Matchweek 20;Sun;Away;W;4;2;Excelsior;;350;Tessa Wullaert;1-4-2-3-1;Fijke Hoogendijk;Match Report;;;;;;;;;;;;;;;;;;;;;;;
Fortuna Sittard;2024-05-01 00:00:00;18:45 (19:45);Eredivisie;Matchweek 21;Wed;Home;W;2;0;Twente;;2;Tessa Wullaert;1-4-2-3-1;Aron Ulijn;Match Report;;;;;;;;;;;;;;;;;;;;;;;
Fortuna Sittard;2024-05-11 00:00:00;16:30 (17:30);Eredivisie;Matchweek 22;Sat;Away;W;7;1;Zwolle;;650;Tessa Wullaert;1-4-2-3-1;Remon Tulen;Match Report;;;;;;;;;;;;;;;;;;;;;;;
ADO Den Haag;2023-09-15 00:00:00;19:30 (20:30);Eredivisie;Matchweek 2;Fri;Home;D;0;0;PSV;;350;Barbara Lorsheijd;1-4-3-3;Jana Van Laere;Match Report;;;;;;;;;;;;;;;;;;;;;;;
ADO Den Haag;2023-09-30 00:00:00;14:00 (15:00);Eredivisie;Matchweek 3;Sat;Home;L;1;2;Zwolle;;400;Barbara Lorsheijd;1-4-4-2;Koen Molenaar;Match Report;;;;;;;;;;;;;;;;;;;;;;;
ADO Den Haag;2023-10-08 00:00:00;12:15 (13:15);Eredivisie;Matchweek 4;Sun;Away;W;2;0;Heerenveen;;500;Barbara Lorsheijd;1-4-4-2;Tommy Postma;Match Report;;;;;;;;;;;;;;;;;;;;;;;
ADO Den Haag;2023-10-13 00:00:00;19:30 (20:30);Eredivisie;Matchweek 5;Fri;Away;D;0;0;FC Utrecht;;4;Barbara Lorsheijd;1-4-4-2;Illian Groothuismink;Match Report;;;;;;;;;;;;;;;;;;;;;;;
ADO Den Haag;2023-10-21 00:00:00;14:00 (15:00);Eredivisie;Matchweek 6;Sat;Home;L;2;3;Twente;;620;Barbara Lorsheijd;1-4-4-2;Lizzy van der Helm;Match Report;;;;;;;;;;;;;;;;;;;;;;;
ADO Den Haag;2023-11-05 00:00:00;14:00 (15:00);Eredivisie;Matchweek 7;Sun;Away;W;4;2;VV Alkmaar;;500;Barbara Lorsheijd;1-4-4-2;Stefan van Westing;Match Report;;;;;;;;;;;;;;;;;;;;;;;
ADO Den Haag;2023-11-11 00:00:00;14:00 (15:00);Eredivisie;Matchweek 8;Sat;Home;D;1;1;Fortuna Sittard;;600;Barbara Lorsheijd;1-1-4-2-3-1;Luuk Hendrix;Match Report;;;;;;;;;;;;;;;;;;;;;;;
ADO Den Haag;2023-11-17 00:00:00;19:30 (20:30);Eredivisie;Matchweek 9;Fri;Away;L;0;1;Telstar 1963;;250;Barbara Lorsheijd;1-4-4-2;Lizzy van der Helm;Match Report;;;;;;;;;;;;;;;;;;;;;;;
ADO Den Haag;2023-11-24 00:00:00;19:30 (20:30);Eredivisie;Matchweek 10;Fri;Home;W;3;0;Excelsior;;200;Barbara Lorsheijd;1-4-1-3-2;Maarten Streef;Match Report;;;;;;;;;;;;;;;;;;;;;;;
ADO Den Haag;2023-12-09 00:00:00;16:30 (17:30);Eredivisie;Matchweek 11;Sat;Away;D;1;1;Feyenoord Vrouwen;;517;Barbara Lorsheijd;1-4-4-2;Marisca Overtoom;Match Report;;;;;;;;;;;;;;;;;;;;;;;
ADO Den Haag;2023-12-17 00:00:00;12:15 (13:15);Eredivisie;Matchweek 1;Sun;Away;L;0;3;Ajax;;375;Barbara Lorsheijd;1-4-4-2;Dennis Smit;Match Report;;;;;;;;;;;;;;;;;;;;;;;
ADO Den Haag;2024-01-20 00:00:00;16:30 (17:30);Eredivisie;Matchweek 12;Sat;Home;W;2;1;FC Utrecht;;150;Barbara Lorsheijd;1-1-4-3-1-2;Kenneth van Dijk;Match Report;;;;;;;;;;;;;;;;;;;;;;;
ADO Den Haag;2024-01-28 00:00:00;12:15 (13:15);Eredivisie;Matchweek 13;Sun;Away;L;1;3;PSV;;550;Barbara Lorsheijd;1-4-4-2;Maarten Velde;Match Report;;;;;;;;;;;;;;;;;;;;;;;
ADO Den Haag;2024-02-04 00:00:00;14:30 (15:30);Eredivisie;Matchweek 14;Sun;Away;W;4;0;Fortuna Sittard;;300;Barbara Lorsheijd;1-4-4-2;Manuel Uijttewaal;Match Report;;;;;;;;;;;;;;;;;;;;;;;
ADO Den Haag;2024-02-10 00:00:00;14:00 (15:00);Eredivisie;Matchweek 15;Sat;Home;W;2;0;VV Alkmaar;;150;Barbara Lorsheijd;1-4-4-2;Sander Huijs;Match Report;;;;;;;;;;;;;;;;;;;;;;;
ADO Den Haag;2024-03-02 00:00:00;16:30 (17:30);Eredivisie;Matchweek 16;Sat;Away;D;0;0;Zwolle;;240;Barbara Lorsheijd;1-4-4-2;Michel Nijdeken;Match Report;;;;;;;;;;;;;;;;;;;;;;;
ADO Den Haag;2024-03-09 00:00:00;14:00 (15:00);Eredivisie;Matchweek 17;Sat;Home;W;4;0;Telstar 1963;;350;Barbara Lorsheijd;1-4-3-3;Jan van Es;Match Report;;;;;;;;;;;;;;;;;;;;;;;
ADO Den Haag;2024-03-30 00:00:00;14:00 (15:00);Eredivisie;Matchweek 19;Sat;Away;L;0;1;Twente;;596;Barbara Lorsheijd;1-4-3-3;Sterre Bijlsma;Match Report;;;;;;;;;;;;;;;;;;;;;;;
ADO Den Haag;2024-04-14 00:00:00;12:15 (13:15);Eredivisie;Matchweek 18;Sun;Home;L;0;1;Heerenveen;;1,553;Barbara Lorsheijd;1-4-4-2;Ruben Kooy;Match Report;;;;;;;;;;;;;;;;;;;;;;;
ADO Den Haag;2024-04-21 00:00:00;12:15 (13:15);Eredivisie;Matchweek 20;Sun;Home;W;2;1;Feyenoord Vrouwen;;450;Barbara Lorsheijd;1-4-4-2;Jonathan van Dongen;Match Report;;;;;;;;;;;;;;;;;;;;;;;
ADO Den Haag;2024-05-01 00:00:00;18:45 (19:45);Eredivisie;Matchweek 21;Wed;Away;W;1;0;Excelsior;;500;Barbara Lorsheijd;1-4-1-3-2;Julia Van Es;Match Report;;;;;;;;;;;;;;;;;;;;;;;
ADO Den Haag;2024-05-11 00:00:00;16:30 (17:30);Eredivisie;Matchweek 22;Sat;Home;L;1;3;Ajax;;800;Barbara Lorsheijd;1-4-1-3-2;Koen Molenaar;Match Report;;;;;;;;;;;;;;;;;;;;;;;
Zwolle;2023-09-08 00:00:00;19:30 (20:30);Eredivisie;Matchweek 1;Fri;Away;L;1;3;Fortuna Sittard;;300;Kely Pruim;1-4-5-4;Stefan van Westing;Match Report;;;;;;;;;;;;;;;;;;;;;;;
Zwolle;2023-09-15 00:00:00;19:30 (20:30);Eredivisie;Matchweek 2;Fri;Home;L;3;4;FC Utrecht;;328;Kely Pruim;1-4-3-3;Eddy Van Yren;Match Report;;;;;;;;;;;;;;;;;;;;;;;
Zwolle;2023-09-30 00:00:00;14:00 (15:00);Eredivisie;Matchweek 3;Sat;Away;W;2;1;ADO Den Haag;;400;Kely Pruim;1-1-4-2-3-1;Koen Molenaar;Match Report;;;;;;;;;;;;;;;;;;;;;;;
Zwolle;2023-10-06 00:00:00;19:30 (20:30);Eredivisie;Matchweek 4;Fri;Home;W;2;0;PSV;;376;Kely Pruim;1-4-3-3;Marisca Overtoom;Match Report;;;;;;;;;;;;;;;;;;;;;;;
Zwolle;2023-10-20 00:00:00;19:30 (20:30);Eredivisie;Matchweek 6;Fri;Home;W;1;0;VV Alkmaar;;1,714;Kely Pruim;1-4-3-3;Vivian Peeters;Match Report;;;;;;;;;;;;;;;;;;;;;;;
Zwolle;2023-11-04 00:00:00;14:00 (15:00);Eredivisie;Matchweek 7;Sat;Away;W;2;0;Heerenveen;;350;Kely Pruim;1-4-3-3;Fijke Hoogendijk;Match Report;;;;;;;;;;;;;;;;;;;;;;;
Zwolle;2023-11-10 00:00:00;19:30 (20:30);Eredivisie;Matchweek 8;Fri;Home;L;1;3;Ajax;;700;Kely Pruim;1-4-3-3;Tommy Postma;Match Report;;;;;;;;;;;;;;;;;;;;;;;
Zwolle;2023-11-17 00:00:00;19:30 (20:30);Eredivisie;Matchweek 9;Fri;Away;D;1;1;Excelsior;;150;Kely Pruim;1-4-3-3;Jonathan van Dongen;Match Report;;;;;;;;;;;;;;;;;;;;;;;
Zwolle;2023-11-26 00:00:00;16:45 (17:45);Eredivisie;Matchweek 10;Sun;Home;W;2;0;Feyenoord Vrouwen;;435;Kely Pruim;1-4-3-3;Julia Van Es;Match Report;;;;;;;;;;;;;;;;;;;;;;;
Zwolle;2023-12-10 00:00:00;12:15 (13:15);Eredivisie;Matchweek 11;Sun;Away;W;4;0;Telstar 1963;;250;Kely Pruim;1-4-3-3;Xander Stoffer;Match Report;;;;;;;;;;;;;;;;;;;;;;;
Zwolle;2023-12-13 00:00:00;18:45 (19:45);Eredivisie;Matchweek 5;Wed;Away;L;1;2;Twente;;350;Kely Pruim;1-4-4-2;Niels Mulder;Match Report;;;;;;;;;;;;;;;;;;;;;;;
Zwolle;2024-01-21 00:00:00;12:15 (13:15);Eredivisie;Matchweek 12;Sun;Away;D;1;1;VV Alkmaar;;200;Kely Pruim;1-4-2-3-1;Robin Brinkman;Match Report;;;;;;;;;;;;;;;;;;;;;;;
Zwolle;2024-01-28 00:00:00;14:30 (15:30);Eredivisie;Matchweek 13;Sun;Home;D;2;2;Heerenveen;;202;Kely Pruim;1-4-3-3;Mark Weaver;Match Report;;;;;;;;;;;;;;;;;;;;;;;
Zwolle;2024-02-03 00:00:00;14:00 (15:00);Eredivisie;Matchweek 14;Sat;Away;L;1;3;PSV;;400;Kely Pruim;1-4-3-3;Youri Kuipers;Match Report;;;;;;;;;;;;;;;;;;;;;;;
Zwolle;2024-02-10 00:00:00;16:30 (17:30);Eredivisie;Matchweek 15;Sat;Home;L;0;4;Twente;;100;Kely Pruim;1-4-3-3;Wendy Gijsbers;Match Report;;;;;;;;;;;;;;;;;;;;;;;
Zwolle;2024-03-02 00:00:00;16:30 (17:30);Eredivisie;Matchweek 16;Sat;Home;D;0;0;ADO Den Haag;;240;Kely Pruim;1-4-3-3;Michel Nijdeken;Match Report;;;;;;;;;;;;;;;;;;;;;;;
Zwolle;2024-03-10 00:00:00;14:30 (15:30);Eredivisie;Matchweek 17;Sun;Away;L;0;4;Feyenoord Vrouwen;;250;Kely Pruim;1-4-3-3;Fijke Hoogendijk;Match Report;;;;;;;;;;;;;;;;;;;;;;;
Zwolle;2024-03-23 00:00:00;14:00 (15:00);Eredivisie;Matchweek 18;Sat;Away;L;2;3;Ajax;;350;Kely Pruim;1-1-4-2-3-1;Teun van der Velden;Match Report;;;;;;;;;;;;;;;;;;;;;;;
Zwolle;2024-03-30 00:00:00;16:30 (17:30);Eredivisie;Matchweek 19;Sat;Home;W;3;1;Excelsior;;170;Kely Pruim;1-4-3-3;Marouan Achammachi;Match Report;;;;;;;;;;;;;;;;;;;;;;;
Zwolle;2024-04-20 00:00:00;14:00 (15:00);Eredivisie;Matchweek 20;Sat;Home;W;2;0;Telstar 1963;;420;Kely Pruim;1-4-3-3;Jan van Es;Match Report;;;;;;;;;;;;;;;;;;;;;;;
Zwolle;2024-05-01 00:00:00;18:45 (19:45);Eredivisie;Matchweek 21;Wed;Away;W;4;2;FC Utrecht;;347;Inge Tijink;1-1-4-2-3-1;Luc Baars;Match Report;;;;;;;;;;;;;;;;;;;;;;;
Zwolle;2024-05-11 00:00:00;16:30 (17:30);Eredivisie;Matchweek 22;Sat;Home;L;1;7;Fortuna Sittard;;650;Kely Pruim;1-1-4-2-3-1;Remon Tulen;Match Report;;;;;;;;;;;;;;;;;;;;;;;
FC Utrecht;2023-09-10 00:00:00;12:15 (13:15);Eredivisie;Matchweek 1;Sun;Home;W;4;2;Feyenoord Vrouwen;;14,631;Liza van der Most;1-4-4-2;Vivian Peeters;Match Report;;;;;;;;;;;;;;;;;;;;;;;
FC Utrecht;2023-09-15 00:00:00;19:30 (20:30);Eredivisie;Matchweek 2;Fri;Away;W;4;3;Zwolle;;328;Liza van der Most;1-4-3-3;Eddy Van Yren;Match Report;;;;;;;;;;;;;;;;;;;;;;;
FC Utrecht;2023-10-01 00:00:00;12:15 (13:15);Eredivisie;Matchweek 3;Sun;Home;W;1;0;Heerenveen;;1;Liza van der Most;1-4-3-3;Robin Brinkman;Match Report;;;;;;;;;;;;;;;;;;;;;;;
FC Utrecht;2023-10-08 00:00:00;16:45 (17:45);Eredivisie;Matchweek 4;Sun;Away;W;2;1;Telstar 1963;;300;Liza van der Most;1-4-2-3-1;Peter de Waard;Match Report;;;;;;;;;;;;;;;;;;;;;;;
FC Utrecht;2023-10-13 00:00:00;19:30 (20:30);Eredivisie;Matchweek 5;Fri;Home;D;0;0;ADO Den Haag;;4;Liza van der Most;1-4-2-3-1;Illian Groothuismink;Match Report;;;;;;;;;;;;;;;;;;;;;;;
FC Utrecht;2023-10-20 00:00:00;19:30 (20:30);Eredivisie;Matchweek 6;Fri;Away;L;0;4;PSV;;500;Eshly Bakker;1-4-3-3;Sterre Bijlsma;Match Report;;;;;;;;;;;;;;;;;;;;;;;
FC Utrecht;2023-11-05 00:00:00;12:15 (13:15);Eredivisie;Matchweek 7;Sun;Away;L;2;5;Ajax;;1,1;Liza van der Most;1-4-2-3-1;Lizzy van der Helm;Match Report;;;;;;;;;;;;;;;;;;;;;;;
FC Utrecht;2023-11-10 00:00:00;19:30 (20:30);Eredivisie;Matchweek 8;Fri;Home;W;2;0;Excelsior;;250;Liza van der Most;1-4-2-3-1;Niels Cremers;Match Report;;;;;;;;;;;;;;;;;;;;;;;
FC Utrecht;2023-11-18 00:00:00;14:00 (15:00);Eredivisie;Matchweek 9;Sat;Home;D;2;2;VV Alkmaar;;475;Eshly Bakker;1-4-3-3;Julia Van Es;Match Report;;;;;;;;;;;;;;;;;;;;;;;
FC Utrecht;2023-11-24 00:00:00;19:30 (20:30);Eredivisie;Matchweek 10;Fri;Away;L;0;4;Twente;;225;Eshly Bakker;1-4-3-3;Vivian Peeters;Match Report;;;;;;;;;;;;;;;;;;;;;;;
FC Utrecht;2023-12-10 00:00:00;12:15 (13:15);Eredivisie;Matchweek 11;Sun;Home;L;0;6;Fortuna Sittard;;500;Liza van der Most;1-4-3-3;Barry Huizinga;Match Report;;;;;;;;;;;;;;;;;;;;;;;
FC Utrecht;2024-01-20 00:00:00;16:30 (17:30);Eredivisie;Matchweek 12;Sat;Away;L;1;2;ADO Den Haag;;150;Liza van der Most;1-4-3-3;Kenneth van Dijk;Match Report;;;;;;;;;;;;;;;;;;;;;;;
FC Utrecht;2024-01-27 00:00:00;14:00 (15:00);Eredivisie;Matchweek 13;Sat;Home;W;4;2;Telstar 1963;;550;Liza van der Most;1-4-4-2;Manon Plandsoen;Match Report;;;;;;;;;;;;;;;;;;;;;;;
FC Utrecht;2024-02-04 00:00:00;12:15 (13:15);Eredivisie;Matchweek 14;Sun;Away;D;0;0;Heerenveen;;350;Liza van der Most;1-4-3-3;Julia Van Es;Match Report;;;;;;;;;;;;;;;;;;;;;;;
FC Utrecht;2024-02-11 00:00:00;12:15 (13:15);Eredivisie;Matchweek 15;Sun;Home;L;0;2;PSV;;653;Liza van der Most;1-4-3-3;Lizzy van der Helm;Match Report;;;;;;;;;;;;;;;;;;;;;;;
FC Utrecht;2024-03-03 00:00:00;14:30 (15:30);Eredivisie;Matchweek 16;Sun;Away;D;0;0;VV Alkmaar;;125;Eshly Bakker;1-4-3-3;Sterre Bijlsma;Match Report;;;;;;;;;;;;;;;;;;;;;;;
FC Utrecht;2024-03-10 00:00:00;12:15 (13:15);Eredivisie;Matchweek 17;Sun;Home;L;0;2;Ajax;;10,455;Eshly Bakker;1-1-4-3-1-2;Jessey van Pinxteren;Match Report;;;;;;;;;;;;;;;;;;;;;;;
FC Utrecht;2024-03-24 00:00:00;16:45 (17:45);Eredivisie;Matchweek 18;Sun;Away;W;4;1;Excelsior;;2,053;Eshly Bakker;1-4-4-2;Giovanni Verhoeve;Match Report;;;;;;;;;;;;;;;;;;;;;;;
FC Utrecht;2024-03-30 00:00:00;16:30 (17:30);Eredivisie;Matchweek 19;Sat;Away;D;2;2;Fortuna Sittard;;350;Eshly Bakker;1-4-4-2;Jan van Es;Match Report;;;;;;;;;;;;;;;;;;;;;;;
FC Utrecht;2024-04-21 00:00:00;12:15 (13:15);Eredivisie;Matchweek 20;Sun;Home;D;2;2;Twente;;1,074;Eshly Bakker;1-4-3-3;Wendy Gijsbers;Match Report;;;;;;;;;;;;;;;;;;;;;;;
FC Utrecht;2024-05-01 00:00:00;18:45 (19:45);Eredivisie;Matchweek 21;Wed;Home;L;2;4;Zwolle;;347;Eshly Bakker;1-4-4-2;Luc Baars;Match Report;;;;;;;;;;;;;;;;;;;;;;;
FC Utrecht;2024-05-11 00:00:00;16:30 (17:30);Eredivisie;Matchweek 22;Sat;Away;W;2;1;Feyenoord Vrouwen;;4,225;Eshly Bakker;1-4-3-3;Fijke Hoogendijk;Match Report;;;;;;;;;;;;;;;;;;;;;;;
Feyenoord;2023-09-10 00:00:00;12:15 (13:15);Eredivisie;Matchweek 1;Sun;Away;L;2;4;FC Utrecht;;14,631;Jacintha Weimar;1-5-3-2;Vivian Peeters;Match Report;;;;;;;;;;;;;;;;;;;;;;;
Feyenoord;2023-09-17 00:00:00;12:15 (13:15);Eredivisie;Matchweek 2;Sun;Home;L;1;3;Fortuna Sittard;;600;Esmee de Graaf;1-5-3-2;Marisca Overtoom;Match Report;;;;;;;;;;;;;;;;;;;;;;;
Feyenoord;2023-10-01 00:00:00;12:15 (13:15);Eredivisie;Matchweek 3;Sun;Away;L;1;3;Twente;;700;Esmee de Graaf;1-4-3-3;Teun van Pelt;Match Report;;;;;;;;;;;;;;;;;;;;;;;
Feyenoord;2023-10-07 00:00:00;14:00 (15:00);Eredivisie;Matchweek 4;Sat;Home;L;0;1;Ajax;;2,1;Sisca Folkertsma;1-4-3-3;Lizzy van der Helm;Match Report;;;;;;;;;;;;;;;;;;;;;;;
Feyenoord;2023-10-15 00:00:00;12:15 (13:15);Eredivisie;Matchweek 5;Sun;Away;L;0;1;Excelsior;;2;Sisca Folkertsma;1-4-3-3;Sterre Bijlsma;Match Report;;;;;;;;;;;;;;;;;;;;;;;
Feyenoord;2023-10-20 00:00:00;19:30 (20:30);Eredivisie;Matchweek 6;Fri;Home;D;0;0;Heerenveen;;350;Sisca Folkertsma;1-1-4-3-1-2;Manon Plandsoen;Match Report;;;;;;;;;;;;;;;;;;;;;;;
Feyenoord;2023-11-05 00:00:00;12:15 (13:15);Eredivisie;Matchweek 7;Sun;Away;W;2;0;Telstar 1963;;400;Jacintha Weimar;1-4-4-2;Sterre Bijlsma;Match Report;;;;;;;;;;;;;;;;;;;;;;;
Feyenoord;2023-11-12 00:00:00;12:15 (13:15);Eredivisie;Matchweek 8;Sun;Home;W;2;1;VV Alkmaar;;250;Jacintha Weimar;1-3-4-1-2;Remon Tulen;Match Report;;;;;;;;;;;;;;;;;;;;;;;
Feyenoord;2023-11-17 00:00:00;19:30 (20:30);Eredivisie;Matchweek 9;Fri;Home;L;0;2;PSV;;450;Jacintha Weimar;1-3-4-1-2;Sylvie Deckers;Match Report;;;;;;;;;;;;;;;;;;;;;;;
Feyenoord;2023-11-26 00:00:00;16:45 (17:45);Eredivisie;Matchweek 10;Sun;Away;L;0;2;Zwolle;;435;Jacintha Weimar;1-3-4-1-2;Julia Van Es;Match Report;;;;;;;;;;;;;;;;;;;;;;;
Feyenoord;2023-12-09 00:00:00;16:30 (17:30);Eredivisie;Matchweek 11;Sat;Home;D;1;1;ADO Den Haag;;517;Jacintha Weimar;1-5-3-2;Marisca Overtoom;Match Report;;;;;;;;;;;;;;;;;;;;;;;
Feyenoord;2024-01-27 00:00:00;16:30 (17:30);Eredivisie;Matchweek 13;Sat;Home;L;0;3;Twente;;350;Sisca Folkertsma;1-3-4-3;Richard Groenewegen;Match Report;;;;;;;;;;;;;;;;;;;;;;;
Feyenoord;2024-01-31 00:00:00;20:00 (21:00);Eredivisie;Matchweek 12;Wed;Away;L;1;2;Fortuna Sittard;;400;Sisca Folkertsma;1-3-4-3;Nick Ooms;Match Report;;;;;;;;;;;;;;;;;;;;;;;
Feyenoord;2024-02-04 00:00:00;12:15 (13:15);Eredivisie;Matchweek 14;Sun;Away;W;2;1;VV Alkmaar;;225;Sisca Folkertsma;1-4-4-2;Omar Khalifa;Match Report;;;;;;;;;;;;;;;;;;;;;;;
Feyenoord;2024-02-10 00:00:00;14:00 (15:00);Eredivisie;Matchweek 15;Sat;Away;L;0;4;Ajax;;15;Sisca Folkertsma;1-4-3-3;Marisca Overtoom;Match Report;;;;;;;;;;;;;;;;;;;;;;;
Feyenoord;2024-03-02 00:00:00;16:30 (17:30);Eredivisie;Matchweek 16;Sat;Home;W;2;1;Excelsior;;596;Sisca Folkertsma;1-1-4-2-3-1;Caroline Lanssens;Match Report;;;;;;;;;;;;;;;;;;;;;;;
Feyenoord;2024-03-10 00:00:00;14:30 (15:30);Eredivisie;Matchweek 17;Sun;Home;W;4;0;Zwolle;;250;Sisca Folkertsma;1-4-3-3;Fijke Hoogendijk;Match Report;;;;;;;;;;;;;;;;;;;;;;;
Feyenoord;2024-03-24 00:00:00;14:30 (15:30);Eredivisie;Matchweek 18;Sun;Away;D;1;1;PSV;;12;Sisca Folkertsma;1-4-4-2;Julia Van Es;Match Report;;;;;;;;;;;;;;;;;;;;;;;
Feyenoord;2024-03-30 00:00:00;14:00 (15:00);Eredivisie;Matchweek 19;Sat;Home;W;3;0;Telstar 1963;;432;Sisca Folkertsma;1-4-4-2;Wendy Gijsbers;Match Report;;;;;;;;;;;;;;;;;;;;;;;
Feyenoord;2024-04-21 00:00:00;12:15 (13:15);Eredivisie;Matchweek 20;Sun;Away;L;1;2;ADO Den Haag;;450;Sisca Folkertsma;1-4-4-2;Jonathan van Dongen;Match Report;;;;;;;;;;;;;;;;;;;;;;;
Feyenoord;2024-05-01 00:00:00;18:45 (19:45);Eredivisie;Matchweek 21;Wed;Away;W;2;0;Heerenveen;;800;Sisca Folkertsma;1-4-4-2;Mark Weaver;Match Report;;;;;;;;;;;;;;;;;;;;;;;
Feyenoord;2024-05-11 00:00:00;16:30 (17:30);Eredivisie;Matchweek 22;Sat;Home;L;1;2;FC Utrecht;;4,225;Sisca Folkertsma;1-4-4-2;Fijke Hoogendijk;Match Report;;;;;;;;;;;;;;;;;;;;;;;
VV Alkmaar;2023-09-08 00:00:00;19:30 (20:30);Eredivisie;Matchweek 1;Fri;Home;D;1;1;Excelsior;;325;Ginia Caprino;1-1-4-2-3-1;Luuk Hendrix;Match Report;;;;;;;;;;;;;;;;;;;;;;;
VV Alkmaar;2023-09-15 00:00:00;19:30 (20:30);Eredivisie;Matchweek 2;Fri;Away;W;1;0;Heerenveen;;250;Ginia Caprino;1-1-4-2-3-1;Mark Weaver;Match Report;;;;;;;;;;;;;;;;;;;;;;;
VV Alkmaar;2023-10-01 00:00:00;12:15 (13:15);Eredivisie;Matchweek 3;Sun;Away;L;1;5;PSV;;650;Ginia Caprino;1-1-4-2-3-1;Lizzy van der Helm;Match Report;;;;;;;;;;;;;;;;;;;;;;;
VV Alkmaar;2023-10-13 00:00:00;19:30 (20:30);Eredivisie;Matchweek 5;Fri;Home;L;0;1;Telstar 1963;;400;Desiree van Lunteren;1-1-4-2-3-1;Ruben Kooy;Match Report;;;;;;;;;;;;;;;;;;;;;;;
VV Alkmaar;2023-10-20 00:00:00;19:30 (20:30);Eredivisie;Matchweek 6;Fri;Away;L;0;1;Zwolle;;1,714;Desiree van Lunteren;1-1-4-2-3-1;Vivian Peeters;Match Report;;;;;;;;;;;;;;;;;;;;;;;
VV Alkmaar;2023-11-05 00:00:00;14:00 (15:00);Eredivisie;Matchweek 7;Sun;Home;L;2;4;ADO Den Haag;;500;Desiree van Lunteren;1-1-4-2-3-1;Stefan van Westing;Match Report;;;;;;;;;;;;;;;;;;;;;;;
VV Alkmaar;2023-11-12 00:00:00;12:15 (13:15);Eredivisie;Matchweek 8;Sun;Away;L;1;2;Feyenoord Vrouwen;;250;Desiree van Lunteren;1-4-3-3;Remon Tulen;Match Report;;;;;;;;;;;;;;;;;;;;;;;
VV Alkmaar;2023-11-18 00:00:00;14:00 (15:00);Eredivisie;Matchweek 9;Sat;Away;D;2;2;FC Utrecht;;475;Desiree van Lunteren;1-4-3-3;Julia Van Es;Match Report;;;;;;;;;;;;;;;;;;;;;;;
VV Alkmaar;2023-11-26 00:00:00;12:15 (13:15);Eredivisie;Matchweek 10;Sun;Home;L;1;2;Ajax;;300;Desiree van Lunteren;1-4-3-3;Manon Plandsoen;Match Report;;;;;;;;;;;;;;;;;;;;;;;
VV Alkmaar;2023-12-10 00:00:00;16:45 (17:45);Eredivisie;Matchweek 11;Sun;Away;L;1;2;Twente;;312;Desiree van Lunteren;1-4-3-3;Jarno Schoonhoven;Match Report;;;;;;;;;;;;;;;;;;;;;;;
VV Alkmaar;2023-12-15 00:00:00;19:30 (20:30);Eredivisie;Matchweek 4;Fri;Home;W;1;0;Fortuna Sittard;;250;Desiree van Lunteren;1-4-3-3;Steve Oosterkamp;Match Report;;;;;;;;;;;;;;;;;;;;;;;
VV Alkmaar;2024-01-21 00:00:00;12:15 (13:15);Eredivisie;Matchweek 12;Sun;Home;D;1;1;Zwolle;;200;Desiree van Lunteren;1-4-4-2;Robin Brinkman;Match Report;;;;;;;;;;;;;;;;;;;;;;;
VV Alkmaar;2024-01-28 00:00:00;16:45 (17:45);Eredivisie;Matchweek 13;Sun;Away;W;2;1;Excelsior;;175;Desiree van Lunteren;1-4-3-3;Julia Van Es;Match Report;;;;;;;;;;;;;;;;;;;;;;;
VV Alkmaar;2024-02-04 00:00:00;12:15 (13:15);Eredivisie;Matchweek 14;Sun;Home;L;1;2;Feyenoord Vrouwen;;225;Desiree van Lunteren;1-4-3-3;Omar Khalifa;Match Report;;;;;;;;;;;;;;;;;;;;;;;
VV Alkmaar;2024-02-10 00:00:00;14:00 (15:00);Eredivisie;Matchweek 15;Sat;Away;L;0;2;ADO Den Haag;;150;Desiree van Lunteren;1-4-3-3;Sander Huijs;Match Report;;;;;;;;;;;;;;;;;;;;;;;
VV Alkmaar;2024-03-03 00:00:00;14:30 (15:30);Eredivisie;Matchweek 16;Sun;Home;D;0;0;FC Utrecht;;125;Desiree van Lunteren;1-4-4-2;Sterre Bijlsma;Match Report;;;;;;;;;;;;;;;;;;;;;;;
VV Alkmaar;2024-03-09 00:00:00;16:30 (17:30);Eredivisie;Matchweek 17;Sat;Away;W;1;0;Fortuna Sittard;;250;Desiree van Lunteren;1-4-3-3;Wendy Gijsbers;Match Report;;;;;;;;;;;;;;;;;;;;;;;
VV Alkmaar;2024-03-23 00:00:00;16:30 (17:30);Eredivisie;Matchweek 18;Sat;Home;D;2;2;Twente;;4,039;Desiree van Lunteren;1-4-3-2-1;Martijn Pijnenburg;Match Report;;;;;;;;;;;;;;;;;;;;;;;
VV Alkmaar;2024-03-31 00:00:00;12:15 (13:15);Eredivisie;Matchweek 19;Sun;Home;D;3;3;PSV;;200;Desiree van Lunteren;1-4-3-3;Kylian Walthuis;Match Report;;;;;;;;;;;;;;;;;;;;;;;
VV Alkmaar;2024-04-25 00:00:00;19:30 (20:30);Eredivisie;Matchweek 20;Thu;Away;L;0;3;Ajax;;343;Desiree van Lunteren;1-4-3-3;Caroline Lanssens;Match Report;;;;;;;;;;;;;;;;;;;;;;;
VV Alkmaar;2024-05-01 00:00:00;18:45 (19:45);Eredivisie;Matchweek 21;Wed;Away;W;6;2;Telstar 1963;;500;Desiree van Lunteren;1-4-3-3;Wendy Gijsbers;Match Report;;;;;;;;;;;;;;;;;;;;;;;
VV Alkmaar;2024-05-11 00:00:00;16:30 (17:30);Eredivisie;Matchweek 22;Sat;Home;L;1;2;Heerenveen;;300;Desiree van Lunteren;1-4-3-3;Julia Van Es;Match Report;;;;;;;;;;;;;;;;;;;;;;;
Heerenveen;2023-09-15 00:00:00;19:30 (20:30);Eredivisie;Matchweek 2;Fri;Home;L;0;1;VV Alkmaar;;250;Merel Bormans;1-4-4-2;Mark Weaver;Match Report;;;;;;;;;;;;;;;;;;;;;;;
Heerenveen;2023-10-01 00:00:00;12:15 (13:15);Eredivisie;Matchweek 3;Sun;Away;L;0;1;FC Utrecht;;1000;Merel Bormans;1-4-4-2;Robin Brinkman;Match Report;;;;;;;;;;;;;;;;;;;;;;;
Heerenveen;2023-10-08 00:00:00;12:15 (13:15);Eredivisie;Matchweek 4;Sun;Home;L;0;2;ADO Den Haag;;500;Merel Bormans;1-3-5-2;Tommy Postma;Match Report;;;;;;;;;;;;;;;;;;;;;;;
Heerenveen;2023-10-20 00:00:00;19:30 (20:30);Eredivisie;Matchweek 6;Fri;Away;D;0;0;Feyenoord Vrouwen;;350;Merel Bormans;4-4-1-1;Manon Plandsoen;Match Report;;;;;;;;;;;;;;;;;;;;;;;
Heerenveen;2023-11-04 00:00:00;14:00 (15:00);Eredivisie;Matchweek 7;Sat;Home;L;0;2;Zwolle;;350;Merel Bormans;1-4-3-3;Fijke Hoogendijk;Match Report;;;;;;;;;;;;;;;;;;;;;;;
Heerenveen;2023-11-10 00:00:00;19:30 (20:30);Eredivisie;Matchweek 8;Fri;Home;W;1;0;Telstar 1963;;250;Merel Bormans;1-4-4-2;Vivian Peeters;Match Report;;;;;;;;;;;;;;;;;;;;;;;
Heerenveen;2023-11-17 00:00:00;19:30 (20:30);Eredivisie;Matchweek 9;Fri;Away;L;0;4;Fortuna Sittard;;400;Merel Bormans;1-5-3-2;Danny van Riet;Match Report;;;;;;;;;;;;;;;;;;;;;;;
Heerenveen;2023-11-25 00:00:00;14:00 (15:00);Eredivisie;Matchweek 10;Sat;Home;L;1;3;PSV;;200;Merel Bormans;1-4-4-2;Sterre Bijlsma;Match Report;;;;;;;;;;;;;;;;;;;;;;;
Heerenveen;2023-12-10 00:00:00;12:15 (13:15);Eredivisie;Matchweek 11;Sun;Away;L;1;2;Excelsior;;150;Merel Bormans;1-4-3-3;Tommy Postma;Match Report;;;;;;;;;;;;;;;;;;;;;;;
Heerenveen;2023-12-17 00:00:00;16:45 (17:45);Eredivisie;Matchweek 1;Sun;Away;L;2;3;Twente;;310;Merel Bormans;1-4-4-2;Wendy Gijsbers;Match Report;;;;;;;;;;;;;;;;;;;;;;;
Heerenveen;2024-01-28 00:00:00;14:30 (15:30);Eredivisie;Matchweek 13;Sun;Away;D;2;2;Zwolle;;202;Merel Bormans;1-4-3-3;Mark Weaver;Match Report;;;;;;;;;;;;;;;;;;;;;;;
Heerenveen;2024-01-31 00:00:00;19:30 (20:30);Eredivisie;Matchweek 12;Wed;Home;L;0;2;Twente;;275;Merel Bormans;1-4-3-3;Steve Oosterkamp;Match Report;;;;;;;;;;;;;;;;;;;;;;;
Heerenveen;2024-02-04 00:00:00;12:15 (13:15);Eredivisie;Matchweek 14;Sun;Home;D;0;0;FC Utrecht;;350;Janneke Ennema;1-4-3-3;Julia Van Es;Match Report;;;;;;;;;;;;;;;;;;;;;;;
Heerenveen;2024-02-11 00:00:00;16:45 (17:45);Eredivisie;Matchweek 15;Sun;Home;D;0;0;Fortuna Sittard;;140;Merel Bormans;1-4-3-3;Tommy Postma;Match Report;;;;;;;;;;;;;;;;;;;;;;;
Heerenveen;2024-02-14 00:00:00;19:30 (20:30);Eredivisie;Matchweek 5;Wed;Away;L;1;5;Ajax;;250;Merel Bormans;1-4-3-3;Daan Schaper;Match Report;;;;;;;;;;;;;;;;;;;;;;;
Heerenveen;2024-03-03 00:00:00;16:45 (17:45);Eredivisie;Matchweek 16;Sun;Away;L;1;2;Telstar 1963;;400;Merel Bormans;1-4-3-3;Xander Stoffer;Match Report;;;;;;;;;;;;;;;;;;;;;;;
Heerenveen;2024-03-09 00:00:00;16:30 (17:30);Eredivisie;Matchweek 17;Sat;Home;W;1;0;Excelsior;;175;Merel Bormans;1-4-3-3;R. van der Werff;Match Report;;;;;;;;;;;;;;;;;;;;;;;
Heerenveen;2024-03-31 00:00:00;14:30 (15:30);Eredivisie;Matchweek 19;Sun;Home;W;2;1;Ajax;;1,285;Merel Bormans;1-4-3-3;Marisca Overtoom;Match Report;;;;;;;;;;;;;;;;;;;;;;;
Heerenveen;2024-04-14 00:00:00;12:15 (13:15);Eredivisie;Matchweek 18;Sun;Away;W;1;0;ADO Den Haag;;1,553;Merel Bormans;1-4-4-2;Ruben Kooy;Match Report;;;;;;;;;;;;;;;;;;;;;;;
Heerenveen;2024-04-20 00:00:00;16:30 (17:30);Eredivisie;Matchweek 20;Sat;Away;L;0;5;PSV;;400;Merel Bormans;1-4-3-3;Maarten Streef;Match Report;;;;;;;;;;;;;;;;;;;;;;;
Heerenveen;2024-05-01 00:00:00;18:45 (19:45);Eredivisie;Matchweek 21;Wed;Home;L;0;2;Feyenoord Vrouwen;;800;Merel Bormans;1-4-3-3;Mark Weaver;Match Report;;;;;;;;;;;;;;;;;;;;;;;
Heerenveen;2024-05-11 00:00:00;16:30 (17:30);Eredivisie;Matchweek 22;Sat;Away;W;2;1;VV Alkmaar;;300;Janneke Ennema;1-4-4-2;Julia Van Es;Match Report;;;;;;;;;;;;;;;;;;;;;;;
Telstar 1963;2023-09-09 00:00:00;14:00 (15:00);Eredivisie;Matchweek 1;Sat;Away;L;0;5;PSV;;250;Felice Hermans;1-4-3-3;Franklin Berg;Match Report;;;;;;;;;;;;;;;;;;;;;;;
Telstar 1963;2023-09-16 00:00:00;14:00 (15:00);Eredivisie;Matchweek 2;Sat;Home;L;0;7;Twente;;392;Felice Hermans;1-4-3-3;G H A Stevens;Match Report;;;;;;;;;;;;;;;;;;;;;;;
Telstar 1963;2023-10-01 00:00:00;16:45 (17:45);Eredivisie;Matchweek 3;Sun;Away;D;0;0;Ajax;;700;Felice Hermans;1-4-3-3;Sander Huijs;Match Report;;;;;;;;;;;;;;;;;;;;;;;
Telstar 1963;2023-10-08 00:00:00;16:45 (17:45);Eredivisie;Matchweek 4;Sun;Home;L;1;2;FC Utrecht;;300;Felice Hermans;1-4-3-3;Peter de Waard;Match Report;;;;;;;;;;;;;;;;;;;;;;;
Telstar 1963;2023-10-13 00:00:00;19:30 (20:30);Eredivisie;Matchweek 5;Fri;Away;W;1;0;VV Alkmaar;;400;Felice Hermans;1-4-3-3;Ruben Kooy;Match Report;;;;;;;;;;;;;;;;;;;;;;;
Telstar 1963;2023-10-20 00:00:00;19:30 (20:30);Eredivisie;Matchweek 6;Fri;Home;D;1;1;Excelsior;;200;Felice Hermans;1-4-3-3;Giovanni Jaggan;Match Report;;;;;;;;;;;;;;;;;;;;;;;
Telstar 1963;2023-11-05 00:00:00;12:15 (13:15);Eredivisie;Matchweek 7;Sun;Home;L;0;2;Feyenoord Vrouwen;;400;Felice Hermans;1-4-3-3;Sterre Bijlsma;Match Report;;;;;;;;;;;;;;;;;;;;;;;
Telstar 1963;2023-11-10 00:00:00;19:30 (20:30);Eredivisie;Matchweek 8;Fri;Away;L;0;1;Heerenveen;;250;Felice Hermans;1-4-3-3;Vivian Peeters;Match Report;;;;;;;;;;;;;;;;;;;;;;;
Telstar 1963;2023-11-17 00:00:00;19:30 (20:30);Eredivisie;Matchweek 9;Fri;Home;W;1;0;ADO Den Haag;;250;Felice Hermans;1-4-5-1;Lizzy van der Helm;Match Report;;;;;;;;;;;;;;;;;;;;;;;
Telstar 1963;2023-11-24 00:00:00;19:30 (20:30);Eredivisie;Matchweek 10;Fri;Away;L;1;7;Fortuna Sittard;;150;Felice Hermans;1-4-5-1;Nick Ooms;Match Report;;;;;;;;;;;;;;;;;;;;;;;
Telstar 1963;2023-12-10 00:00:00;12:15 (13:15);Eredivisie;Matchweek 11;Sun;Home;L;0;4;Zwolle;;250;Felice Hermans;1-4-3-3;Xander Stoffer;Match Report;;;;;;;;;;;;;;;;;;;;;;;
Telstar 1963;2024-01-21 00:00:00;14:30 (15:30);Eredivisie;Matchweek 12;Sun;Home;L;1;3;PSV;;400;Felice Hermans;1-4-3-3;Julia Van Es;Match Report;;;;;;;;;;;;;;;;;;;;;;;
Telstar 1963;2024-01-27 00:00:00;14:00 (15:00);Eredivisie;Matchweek 13;Sat;Away;L;2;4;FC Utrecht;;550;Felice Hermans;1-4-3-3;Manon Plandsoen;Match Report;;;;;;;;;;;;;;;;;;;;;;;
Telstar 1963;2024-02-03 00:00:00;16:30 (17:30);Eredivisie;Matchweek 14;Sat;Home;L;2;5;Ajax;;600;Felice Hermans;1-4-3-3;Stefan van Westing;Match Report;;;;;;;;;;;;;;;;;;;;;;;
Telstar 1963;2024-02-11 00:00:00;14:30 (15:30);Eredivisie;Matchweek 15;Sun;Away;D;2;2;Excelsior;;300;Kelly Steen;1-4-3-3;Mitchel Krop;Match Report;;;;;;;;;;;;;;;;;;;;;;;
Telstar 1963;2024-03-03 00:00:00;16:45 (17:45);Eredivisie;Matchweek 16;Sun;Home;W;2;1;Heerenveen;;400;Kim Remijnse;1-4-3-3;Xander Stoffer;Match Report;;;;;;;;;;;;;;;;;;;;;;;
Telstar 1963;2024-03-09 00:00:00;14:00 (15:00);Eredivisie;Matchweek 17;Sat;Away;L;0;4;ADO Den Haag;;350;Kelly Steen;1-4-3-3;Jan van Es;Match Report;;;;;;;;;;;;;;;;;;;;;;;
Telstar 1963;2024-03-22 00:00:00;18:45 (19:45);Eredivisie;Matchweek 18;Fri;Home;L;0;8;Fortuna Sittard;;623;Kelly Steen;1-4-3-3;Andy Wolff;Match Report;;;;;;;;;;;;;;;;;;;;;;;
Telstar 1963;2024-03-30 00:00:00;14:00 (15:00);Eredivisie;Matchweek 19;Sat;Away;L;0;3;Feyenoord Vrouwen;;432;Kelly Steen;1-4-4-2;Wendy Gijsbers;Match Report;;;;;;;;;;;;;;;;;;;;;;;
Telstar 1963;2024-04-20 00:00:00;14:00 (15:00);Eredivisie;Matchweek 20;Sat;Away;L;0;2;Zwolle;;420;Kelly Steen;1-4-3-3;Jan van Es;Match Report;;;;;;;;;;;;;;;;;;;;;;;
Telstar 1963;2024-05-01 00:00:00;18:45 (19:45);Eredivisie;Matchweek 21;Wed;Home;L;2;6;VV Alkmaar;;500;Kelly Steen;1-4-3-3;Wendy Gijsbers;Match Report;;;;;;;;;;;;;;;;;;;;;;;
Telstar 1963;2024-05-11 00:00:00;16:30 (17:30);Eredivisie;Matchweek 22;Sat;Away;L;0;2;Twente;;4,5;Kelly Steen;1-4-3-3;Nicholas Henon;Match Report;;;;;;;;;;;;;;;;;;;;;;;
Excelsior;2023-09-08 00:00:00;19:30 (20:30);Eredivisie;Matchweek 1;Fri;Away;D;1;1;VV Alkmaar;;325;Isa Pothof;1-1-4-2-3-1;Luuk Hendrix;Match Report;;;;;;;;;;;;;;;;;;;;;;;
Excelsior;2023-09-15 00:00:00;19:30 (20:30);Eredivisie;Matchweek 2;Fri;Home;L;1;3;Ajax;;500;Isa Pothof;1-4-3-3;Peter van Dijk;Match Report;;;;;;;;;;;;;;;;;;;;;;;
Excelsior;2023-10-01 00:00:00;12:15 (13:15);Eredivisie;Matchweek 3;Sun;Away;L;0;5;Fortuna Sittard;;553;Isa Pothof;1-4-4-2;Wendy Gijsbers;Match Report;;;;;;;;;;;;;;;;;;;;;;;
Excelsior;2023-10-06 00:00:00;19:30 (20:30);Eredivisie;Matchweek 4;Fri;Home;L;0;2;Twente;;400;Isa Pothof;1-4-1-3-2;Martijn Kieft;Match Report;;;;;;;;;;;;;;;;;;;;;;;
Excelsior;2023-10-15 00:00:00;12:15 (13:15);Eredivisie;Matchweek 5;Sun;Home;W;1;0;Feyenoord Vrouwen;;2;Dana Breewel;1-4-4-2;Sterre Bijlsma;Match Report;;;;;;;;;;;;;;;;;;;;;;;
Excelsior;2023-10-20 00:00:00;19:30 (20:30);Eredivisie;Matchweek 6;Fri;Away;D;1;1;Telstar 1963;;200;Isa Pothof;1-5-3-2;Giovanni Jaggan;Match Report;;;;;;;;;;;;;;;;;;;;;;;
Excelsior;2023-11-05 00:00:00;14:30 (15:30);Eredivisie;Matchweek 7;Sun;Home;D;1;1;PSV;;800;Isa Pothof;1-5-3-2;Manon Plandsoen;Match Report;;;;;;;;;;;;;;;;;;;;;;;
Excelsior;2023-11-10 00:00:00;19:30 (20:30);Eredivisie;Matchweek 8;Fri;Away;L;0;2;FC Utrecht;;250;Isa Pothof;1-5-3-2;Niels Cremers;Match Report;;;;;;;;;;;;;;;;;;;;;;;
Excelsior;2023-11-17 00:00:00;19:30 (20:30);Eredivisie;Matchweek 9;Fri;Home;D;1;1;Zwolle;;150;Isa Pothof;1-5-3-2;Jonathan van Dongen;Match Report;;;;;;;;;;;;;;;;;;;;;;;
Excelsior;2023-11-24 00:00:00;19:30 (20:30);Eredivisie;Matchweek 10;Fri;Away;L;0;3;ADO Den Haag;;200;Isa Pothof;1-5-3-2;Maarten Streef;Match Report;;;;;;;;;;;;;;;;;;;;;;; 
Excelsior;2023-12-10 00:00:00;12:15 (13:15);Eredivisie;Matchweek 11;Sun;Home;W;2;1;Heerenveen;;150;Isa Pothof;1-5-3-2;Tommy Postma;Match Report;;;;;;;;;;;;;;;;;;;;;;;
Excelsior;2024-01-20 00:00:00;16:30 (17:30);Eredivisie;Matchweek 12;Sat;Away;L;1;6;Ajax;;250;Isa Pothof;1-5-3-2;Lizzy van der Helm;Match Report;;;;;;;;;;;;;;;;;;;;;;;
Excelsior;2024-01-28 00:00:00;16:45 (17:45);Eredivisie;Matchweek 13;Sun;Home;L;1;2;VV Alkmaar;;175;Isa Pothof;1-5-3-2;Julia Van Es;Match Report;;;;;;;;;;;;;;;;;;;;;;;
Excelsior;2024-02-04 00:00:00;12:15 (13:15);Eredivisie;Matchweek 14;Sun;Away;L;2;5;Twente;;484;Isa Pothof;1-5-3-2;Fijke Hoogendijk;Match Report;;;;;;;;;;;;;;;;;;;;;;;
Excelsior;2024-02-11 00:00:00;14:30 (15:30);Eredivisie;Matchweek 15;Sun;Home;D;2;2;Telstar 1963;;300;Isa Pothof;1-5-3-2;Mitchel Krop;Match Report;;;;;;;;;;;;;;;;;;;;;;;
Excelsior;2024-03-02 00:00:00;16:30 (17:30);Eredivisie;Matchweek 16;Sat;Away;L;1;2;Feyenoord Vrouwen;;596;Isa Pothof;1-5-3-2;Caroline Lanssens;Match Report;;;;;;;;;;;;;;;;;;;;;;;
Excelsior;2024-03-09 00:00:00;16:30 (17:30);Eredivisie;Matchweek 17;Sat;Away;L;0;1;Heerenveen;;175;Isa Pothof;1-5-3-2;R. van der Werff;Match Report;;;;;;;;;;;;;;;;;;;;;;;
Excelsior;2024-03-24 00:00:00;16:45 (17:45);Eredivisie;Matchweek 18;Sun;Home;L;1;4;FC Utrecht;;2,053;Isa Pothof;1-4-3-3;Giovanni Verhoeve;Match Report;;;;;;;;;;;;;;;;;;;;;;;
Excelsior;2024-03-30 00:00:00;16:30 (17:30);Eredivisie;Matchweek 19;Sat;Away;L;1;3;Zwolle;;170;Isa Pothof;1-4-3-3;Marouan Achammachi;Match Report;;;;;;;;;;;;;;;;;;;;;;;
Excelsior;2024-04-21 00:00:00;12:15 (13:15);Eredivisie;Matchweek 20;Sun;Home;L;2;4;Fortuna Sittard;;350;Isa Pothof;1-5-3-2;Fijke Hoogendijk;Match Report;;;;;;;;;;;;;;;;;;;;;;;
Excelsior;2024-05-01 00:00:00;18:45 (19:45);Eredivisie;Matchweek 21;Wed;Home;L;0;1;ADO Den Haag;;500;Isa Pothof;1-4-4-2;Julia Van Es;Match Report;;;;;;;;;;;;;;;;;;;;;;;
Excelsior;2024-05-11 00:00:00;16:30 (17:30);Eredivisie;Matchweek 22;Sat;Away;L;1;3;PSV;;800;Isa Pothof;1-4-4-2;Martijn Pijnenburg;Match Report;;;;;;;;;;;;;;;;;;;;;;;
